{
 "steps": [
  469661,
  938511,
  1876061,
  3752639,
  7504715,
  938511,
  1876061,
  3752639,
  7504715,
  15008786,
  1876061,
  3752639,
  7504715,
  15008786,
  30015937,
  3752639,
  7504715,
  15008786,
  30015937,
  60019521,
  7504715,
  15008786,
  30015937,
  60019521,
  120051963,
  15008786,
  30015937,
  60019521,
  120051963,
  240091669,
  30015937,
  60019521,
  120051963,
  240091669,
  480187949,
  938511,
  1876061,
  3752639,
  7504715,
  15008786,
  1876061,
  3752639,
  7504715,
  15008786,
  30015937,
  3752639,
  7504715,
  15008786,
  30015937,
  60019521,
  7504715,
  15008786,
  30015937,
  60019521,
  120051963,
  15008786,
  30015937,
  60019521,
  120051963,
  240091669,
  30015937,
  60019521,
  120051963,
  240091669,
  480187949,
  60019521,
  120051963,
  240091669,
  480187949,
  960350385,
  1876061,
  3752639,
  7504715,
  15008786,
  30015937,
  3752639,
  7504715,
  15008786,
  30015937,
  60019521,
  7504715,
  15008786,
  30015937,
  60019521,
  120051963,
  15008786,
  30015937,
  60019521,
  120051963,
  240091669,
  30015937,
  60019521,
  120051963,
  240091669,
  480187949,
  60019521,
  120051963,
  240091669,
  480187949,
  960350385,
  120051963,
  240091669,
  480187949,
  960350385,
  1920713596
 ],
 "kernel_time": [
  0.0024078320000000004,
  0.003510799,
  0.005906957000000001,
  0.010304866999999997,
  0.018768484000000002,
  0.0036940649999999977,
  0.005760196,
  0.009918354999999997,
  0.01781783200000001,
  0.03388010400000001,
  0.005851183999999997,
  0.009763303000000004,
  0.01694103599999999,
  0.03214914400000002,
  0.05887091300000001,
  0.009540142000000003,
  0.016489221,
  0.030589015999999997,
  0.05770065699999999,
  0.11127146199999999,
  0.016581938000000004,
  0.030486002,
  0.059205999,
  0.11550194700000001,
  0.22500002800000002,
  0.029611076000000004,
  0.055935057999999975,
  0.11133170000000002,
  0.22276703499999992,
  0.43776867999999997,
  0.05495300300000001,
  0.10696860699999998,
  0.21371469800000004,
  0.4248334230000001,
  0.8458958930000002,
  0.0034229659999999995,
  0.005697280000000002,
  0.009899465000000008,
  0.017626143999999996,
  0.032806717,
  0.006138228000000001,
  0.010356206000000001,
  0.018358289999999996,
  0.03442607399999997,
  0.06435356799999999,
  0.010285063999999995,
  0.018726142999999997,
  0.03480317899999999,
  0.07458362300000003,
  0.14587478700000006,
  0.01713939,
  0.03345621399999997,
  0.062592005,
  0.126196642,
  0.2467554119999999,
  0.030861775000000004,
  0.059391366,
  0.11386802499999997,
  0.22466734899999996,
  0.44107537399999996,
  0.056171443,
  0.11080118599999997,
  0.21740020200000001,
  0.4334523490000003,
  0.8639171340000001,
  0.10803651199999997,
  0.21322652300000006,
  0.42240112399999985,
  0.8390818370000002,
  1.6717895769999995,
  0.005776965000000001,
  0.010115583999999995,
  0.017631089999999995,
  0.032474278999999995,
  0.061078598,
  0.011272978999999999,
  0.019078773000000007,
  0.03554091400000001,
  0.064907431,
  0.12349031999999997,
  0.018694968000000006,
  0.03425309599999999,
  0.06290226100000001,
  0.11904177200000002,
  0.23029373300000006,
  0.033928131,
  0.061450608,
  0.11355888299999994,
  0.222930274,
  0.43898525800000016,
  0.061923959,
  0.11357652599999996,
  0.21384614,
  0.42306067499999994,
  0.8381888649999995,
  0.115457805,
  0.21491491100000001,
  0.4171617600000001,
  0.8276806789999998,
  1.6436373840000003,
  0.218206613,
  0.41724468999999986,
  0.8229737340000002,
  1.6427090550000003,
  3.272287671999999
 ],
 "total_time": [
  0.007812572,
  0.009019653,
  0.012345926,
  0.018456553,
  0.030691758,
  0.009549369,
  0.012542957,
  0.018593106,
  0.029446881,
  0.051460202,
  0.012369972,
  0.017941816,
  0.028570187,
  0.049316646,
  0.085119603,
  0.017677653,
  0.027966863,
  0.047934106,
  0.08569924,
  0.157086665,
  0.028458781,
  0.047372432,
  0.086668628,
  0.160417129,
  0.308433084,
  0.046433644,
  0.083532364,
  0.156967207,
  0.306355299,
  0.600528798,
  0.081347414,
  0.15303031,
  0.297113343,
  0.587419213,
  1.173330402,
  0.008843701,
  0.012473338,
  0.018472223,
  0.029087207,
  0.049819856,
  0.012570298,
  0.018515928,
  0.029731764,
  0.051452547,
  0.091467065,
  0.018772767,
  0.030872971,
  0.052174883,
  0.102212217,
  0.191919268,
  0.029014995,
  0.050336361,
  0.090509241,
  0.172033697,
  0.33085742,
  0.048158756,
  0.087461799,
  0.159148897,
  0.308670106,
  0.600936557,
  0.083377578,
  0.157319238,
  0.300825768,
  0.593984931,
  1.190569419,
  0.154428029,
  0.297351284,
  0.58206166,
  1.165001022,
  2.330685161,
  0.012249093,
  0.018239034,
  0.029102256,
  0.049826986,
  0.088590807,
  0.019828007,
  0.03056583,
  0.052420187,
  0.092414944,
  0.168779178,
  0.030127471,
  0.051339046,
  0.090485008,
  0.164166808,
  0.314098268,
  0.051357861,
  0.088997476,
  0.15945833,
  0.305424743,
  0.601536486,
  0.089565979,
  0.159133696,
  0.297406939,
  0.586520609,
  1.165703828,
  0.162063163,
  0.298391542,
  0.578301987,
  1.154181965,
  2.301718629,
  0.302065828,
  0.577751436,
  1.14920595,
  2.300402904,
  4.595872947
 ],
 "block_size": [
  128,
  128,
  128,
  128,
  128,
  128,
  128,
  128,
  128,
  128,
  128,
  128,
  128,
  128,
  128,
  128,
  128,
  128,
  128,
  128,
  128,
  128,
  128,
  128,
  128,
  128,
  128,
  128,
  128,
  128,
  128,
  128,
  128,
  128,
  128,
  256,
  256,
  256,
  256,
  256,
  256,
  256,
  256,
  256,
  256,
  256,
  256,
  256,
  256,
  256,
  256,
  256,
  256,
  256,
  256,
  256,
  256,
  256,
  256,
  256,
  256,
  256,
  256,
  256,
  256,
  256,
  256,
  256,
  256,
  256,
  512,
  512,
  512,
  512,
  512,
  512,
  512,
  512,
  512,
  512,
  512,
  512,
  512,
  512,
  512,
  512,
  512,
  512,
  512,
  512,
  512,
  512,
  512,
  512,
  512,
  512,
  512,
  512,
  512,
  512,
  512,
  512,
  512,
  512,
  512
 ],
 "grid_size": [
  64,
  64,
  64,
  64,
  64,
  128,
  128,
  128,
  128,
  128,
  256,
  256,
  256,
  256,
  256,
  512,
  512,
  512,
  512,
  512,
  1024,
  1024,
  1024,
  1024,
  1024,
  2048,
  2048,
  2048,
  2048,
  2048,
  4096,
  4096,
  4096,
  4096,
  4096,
  64,
  64,
  64,
  64,
  64,
  128,
  128,
  128,
  128,
  128,
  256,
  256,
  256,
  256,
  256,
  512,
  512,
  512,
  512,
  512,
  1024,
  1024,
  1024,
  1024,
  1024,
  2048,
  2048,
  2048,
  2048,
  2048,
  4096,
  4096,
  4096,
  4096,
  4096,
  64,
  64,
  64,
  64,
  64,
  128,
  128,
  128,
  128,
  128,
  256,
  256,
  256,
  256,
  256,
  512,
  512,
  512,
  512,
  512,
  1024,
  1024,
  1024,
  1024,
  1024,
  2048,
  2048,
  2048,
  2048,
  2048,
  4096,
  4096,
  4096,
  4096,
  4096
 ],
 "tracks": [
  8192,
  16384,
  32768,
  65536,
  131072,
  16384,
  32768,
  65536,
  131072,
  262144,
  32768,
  65536,
  131072,
  262144,
  524288,
  65536,
  131072,
  262144,
  524288,
  1048576,
  131072,
  262144,
  524288,
  1048576,
  2097152,
  262144,
  524288,
  1048576,
  2097152,
  4194304,
  524288,
  1048576,
  2097152,
  4194304,
  8388608,
  16384,
  32768,
  65536,
  131072,
  262144,
  32768,
  65536,
  131072,
  262144,
  524288,
  65536,
  131072,
  262144,
  524288,
  1048576,
  131072,
  262144,
  524288,
  1048576,
  2097152,
  262144,
  524288,
  1048576,
  2097152,
  4194304,
  524288,
  1048576,
  2097152,
  4194304,
  8388608,
  1048576,
  2097152,
  4194304,
  8388608,
  16777216,
  32768,
  65536,
  131072,
  262144,
  524288,
  65536,
  131072,
  262144,
  524288,
  1048576,
  131072,
  262144,
  524288,
  1048576,
  2097152,
  262144,
  524288,
  1048576,
  2097152,
  4194304,
  524288,
  1048576,
  2097152,
  4194304,
  8388608,
  1048576,
  2097152,
  4194304,
  8388608,
  16777216,
  2097152,
  4194304,
  8388608,
  16777216,
  33554432
 ]
}