{
 "steps": [
  234519,
  469661,
  938511,
  1876061,
  3752639,
  7504715,
  15008786,
  30015937,
  60019521,
  120051963,
  240091669,
  480187949,
  960350385,
  1920713596
 ],
 "kernel_time": [
  0.0019629089999999997,
  0.0021135420000000004,
  0.002513709000000001,
  0.0037150050000000017,
  0.006668222,
  0.011287728,
  0.020278213000000014,
  0.03832477799999999,
  0.07478309699999997,
  0.1465827419999999,
  0.29146671199999974,
  0.5822200169999999,
  1.1596875599999998,
  2.314734109000001
 ],
 "total_time": [
  0.005645152,
  0.006635092,
  0.007483124,
  0.009665742,
  0.01443458,
  0.022342355,
  0.037079418,
  0.065156875,
  0.119985683,
  0.228552589,
  0.446951705,
  0.887646015,
  1.766162477,
  3.52668404
 ],
 "block_size": [
  256,
  256,
  256,
  256,
  256,
  256,
  256,
  256,
  256,
  256,
  256,
  256,
  256,
  256
 ],
 "tracks": [
  4096,
  8192,
  16384,
  32768,
  65536,
  131072,
  262144,
  524288,
  1048576,
  2097152,
  4194304,
  8388608,
  16777216,
  33554432
 ]
}