{
 "steps": [
  234519,
  469661,
  938511,
  1876061,
  3752639,
  7504715,
  15008786,
  30015937,
  60019521,
  120051963,
  240091669,
  480187949,
  960350385,
  1920713596,
  3841425639
 ],
 "kernel_time": [
  0.0020040789999999998,
  0.0023995350000000004,
  0.003346954,
  0.006063942000000003,
  0.010188855999999998,
  0.016702998,
  0.030240324000000002,
  0.055447478,
  0.09392319599999999,
  0.18323801300000006,
  0.36253164599999993,
  0.7195466949999999,
  1.436032705999999,
  2.880977643999999,
  5.754705685000001
 ],
 "total_time": [
  0.006764673,
  0.007333266,
  0.008730606,
  0.012535823,
  0.018081614,
  0.027717578,
  0.046307599,
  0.081113523,
  0.137853844,
  0.265010002,
  0.518852606,
  1.023302123,
  2.037052778,
  4.077183024,
  8.140004876
 ],
 "block_size": [
  256,
  256,
  256,
  256,
  256,
  256,
  256,
  256,
  256,
  256,
  256,
  256,
  256,
  256,
  256
 ],
 "grid_size": [
  16,
  32,
  64,
  128,
  256,
  512,
  1024,
  2048,
  4096,
  8192,
  16384,
  32768,
  65536,
  131072,
  262144
 ],
 "tracks": [
  4096,
  8192,
  16384,
  32768,
  65536,
  131072,
  262144,
  524288,
  1048576,
  2097152,
  4194304,
  8388608,
  16777216,
  33554432,
  67108864
 ]
}