{
 "steps": [
  234519,
  469661,
  938511,
  1876061,
  3752639,
  7504715,
  15008786,
  30015937,
  60019521,
  120051963,
  240091669,
  480187949,
  960350385,
  1920713596,
  3841425639
 ],
 "kernel_time": [
  0.0020392270000000007,
  0.0025375540000000013,
  0.0034456490000000003,
  0.0061381529999999995,
  0.010385503,
  0.017256556000000003,
  0.030961536000000008,
  0.056544209000000005,
  0.10802450700000003,
  0.21096050299999985,
  0.4176081989999999,
  0.8271287999999993,
  1.6552775649999996,
  3.3030101500000013,
  6.605833764000002
 ],
 "total_time": [
  0.006760827,
  0.007939202,
  0.008968149,
  0.012561128,
  0.018461991,
  0.02920419,
  0.047875538,
  0.084127301,
  0.153742367,
  0.294629699,
  0.577446152,
  1.154293287,
  2.314248016,
  4.624001121,
  9.425698442
 ],
 "block_size": [
  256,
  256,
  256,
  256,
  256,
  256,
  256,
  256,
  256,
  256,
  256,
  256,
  256,
  256,
  256
 ],
 "grid_size": [
  16,
  32,
  64,
  128,
  256,
  512,
  1024,
  2048,
  4096,
  8192,
  16384,
  32768,
  65536,
  131072,
  262144
 ],
 "tracks": [
  4096,
  8192,
  16384,
  32768,
  65536,
  131072,
  262144,
  524288,
  1048576,
  2097152,
  4194304,
  8388608,
  16777216,
  33554432,
  67108864
 ]
}