{
 "steps": [
  234336,
  469002,
  938465,
  1876509,
  3752114,
  7503973,
  15005941,
  30012530,
  60024773,
  120039157,
  240074822,
  480153132
 ],
 "kernel_time": [
  0.09008140999999995,
  0.18055722699999974,
  0.3605767599999988,
  0.728440609000002,
  1.4436554329999662,
  2.9084091640000356,
  5.767667617000065,
  11.561829712999394,
  23.047245427999293,
  46.104420632001855,
  92.54640524801052,
  184.34970104996958
 ],
 "total_time": [
  0.091036129,
  0.182419958,
  0.364300031,
  0.735974345,
  1.458627053,
  2.937857558,
  5.825428947,
  11.679330961,
  23.279748474,
  46.576291922,
  93.47699937,
  186.190769689
 ],
 "tracks": [
  4096,
  8192,
  16384,
  32768,
  65536,
  131072,
  262144,
  524288,
  1048576,
  2097152,
  4194304,
  8388608
 ]
}