{
 "steps": [
  469661,
  938511,
  1876061,
  3752639,
  7504715,
  938511,
  1876061,
  3752639,
  7504715,
  15008786,
  1876061,
  3752639,
  7504715,
  15008786,
  30015937,
  3752639,
  7504715,
  15008786,
  30015937,
  60019521,
  7504715,
  15008786,
  30015937,
  60019521,
  120051963,
  15008786,
  30015937,
  60019521,
  120051963,
  240091669,
  30015937,
  60019521,
  120051963,
  240091669,
  480187949,
  938511,
  1876061,
  3752639,
  7504715,
  15008786,
  1876061,
  3752639,
  7504715,
  15008786,
  30015937,
  3752639,
  7504715,
  15008786,
  30015937,
  60019521,
  7504715,
  15008786,
  30015937,
  60019521,
  120051963,
  15008786,
  30015937,
  60019521,
  120051963,
  240091669,
  30015937,
  60019521,
  120051963,
  240091669,
  480187949,
  60019521,
  120051963,
  240091669,
  480187949,
  960350385,
  1876061,
  3752639,
  7504715,
  15008786,
  30015937,
  3752639,
  7504715,
  15008786,
  30015937,
  60019521,
  7504715,
  15008786,
  30015937,
  60019521,
  120051963,
  15008786,
  30015937,
  60019521,
  120051963,
  240091669,
  30015937,
  60019521,
  120051963,
  240091669,
  480187949,
  60019521,
  120051963,
  240091669,
  480187949,
  960350385,
  120051963,
  240091669,
  480187949,
  960350385,
  1920713596
 ],
 "kernel_time": [
  0.0023334649999999994,
  0.003507597,
  0.00597257,
  0.010287457000000002,
  0.018781196,
  0.0036038070000000014,
  0.005727627999999999,
  0.009892902000000004,
  0.017802122000000004,
  0.033787214,
  0.005867623000000001,
  0.009803405999999999,
  0.01701077300000001,
  0.032255976000000006,
  0.05897845100000001,
  0.009535619999999996,
  0.016431955999999998,
  0.03050319900000001,
  0.057668537999999984,
  0.11114810599999995,
  0.016530633999999995,
  0.030505627,
  0.05940375300000002,
  0.11577623199999998,
  0.22477772999999993,
  0.029577345999999994,
  0.056044070000000015,
  0.11168629199999999,
  0.22294075399999994,
  0.439129022,
  0.05501219199999999,
  0.10700011000000001,
  0.2135897220000001,
  0.42533884400000005,
  0.8462350240000001,
  0.0034218929999999988,
  0.005684461000000003,
  0.009823787000000004,
  0.017531633999999997,
  0.03287234200000001,
  0.006140019000000001,
  0.010332061,
  0.018422585,
  0.03446879099999998,
  0.06428381299999998,
  0.010396154999999999,
  0.018655754999999996,
  0.034791825000000005,
  0.073835907,
  0.14626968399999996,
  0.017176125,
  0.033397494,
  0.06217089099999999,
  0.12647240099999996,
  0.24672378299999995,
  0.03095096100000001,
  0.05929557900000001,
  0.11397333100000001,
  0.22469541799999998,
  0.4411582080000002,
  0.056537563999999985,
  0.110635906,
  0.21725536,
  0.433737518,
  0.8646657969999998,
  0.10824934600000001,
  0.21341156200000014,
  0.42358150800000005,
  0.8399741940000002,
  1.672260163,
  0.005789315000000002,
  0.010124066,
  0.017628640999999997,
  0.032516404000000006,
  0.06114324500000001,
  0.011205742,
  0.019082104999999995,
  0.03540797799999998,
  0.06485513300000002,
  0.12349271499999996,
  0.01878652999999999,
  0.034251245000000013,
  0.06277511199999997,
  0.11909835399999998,
  0.2301137470000001,
  0.03391858500000001,
  0.06174290100000001,
  0.11374716199999997,
  0.22309054300000006,
  0.438660808,
  0.062123540000000005,
  0.11377067099999999,
  0.2142333890000001,
  0.42282037100000003,
  0.838286106,
  0.11507016300000003,
  0.21510465399999992,
  0.417160695,
  0.8269765600000005,
  1.643247944,
  0.21887447100000001,
  0.417640422,
  0.8227883770000001,
  1.6419350019999996,
  3.2731403909999996
 ],
 "total_time": [
  0.007325011,
  0.009032774,
  0.012796561,
  0.01860295,
  0.030943219,
  0.009092598,
  0.012524486,
  0.018613117,
  0.02955233,
  0.051470386,
  0.01231606,
  0.018421229,
  0.029083523,
  0.049847022,
  0.08774162,
  0.01780481,
  0.028190725,
  0.048196997,
  0.086266515,
  0.16142426,
  0.028320694,
  0.047850426,
  0.088389181,
  0.164860265,
  0.317882754,
  0.047100597,
  0.084984203,
  0.161679845,
  0.316463164,
  0.622083148,
  0.083373155,
  0.156697674,
  0.30703511,
  0.60751406,
  1.20643073,
  0.008958288,
  0.012517416,
  0.018155689,
  0.029177484,
  0.051014224,
  0.012569921,
  0.018638096,
  0.030581037,
  0.052082229,
  0.092824207,
  0.018651921,
  0.030643676,
  0.052376491,
  0.101976273,
  0.195662426,
  0.028786913,
  0.050993019,
  0.090691182,
  0.176439462,
  0.340123085,
  0.048951006,
  0.088139882,
  0.163007576,
  0.316491433,
  0.623743036,
  0.084266734,
  0.160403062,
  0.30989258,
  0.614861796,
  1.224114973,
  0.157931844,
  0.305929311,
  0.607291146,
  1.199439174,
  2.406422073,
  0.012281607,
  0.018455647,
  0.029383815,
  0.050766867,
  0.089738338,
  0.019429932,
  0.030867525,
  0.052811629,
  0.093663595,
  0.173492927,
  0.030942637,
  0.051626893,
  0.091372703,
  0.169106108,
  0.32310761,
  0.05152588,
  0.090090891,
  0.163263776,
  0.316289025,
  0.621337248,
  0.090951821,
  0.163104527,
  0.307558589,
  0.605203007,
  1.196914215,
  0.165718407,
  0.308641636,
  0.599073444,
  1.185695186,
  2.355426699,
  0.312084747,
  0.600639763,
  1.182056379,
  2.358991903,
  4.689322651
 ],
 "block_size": [
  128,
  128,
  128,
  128,
  128,
  128,
  128,
  128,
  128,
  128,
  128,
  128,
  128,
  128,
  128,
  128,
  128,
  128,
  128,
  128,
  128,
  128,
  128,
  128,
  128,
  128,
  128,
  128,
  128,
  128,
  128,
  128,
  128,
  128,
  128,
  256,
  256,
  256,
  256,
  256,
  256,
  256,
  256,
  256,
  256,
  256,
  256,
  256,
  256,
  256,
  256,
  256,
  256,
  256,
  256,
  256,
  256,
  256,
  256,
  256,
  256,
  256,
  256,
  256,
  256,
  256,
  256,
  256,
  256,
  256,
  512,
  512,
  512,
  512,
  512,
  512,
  512,
  512,
  512,
  512,
  512,
  512,
  512,
  512,
  512,
  512,
  512,
  512,
  512,
  512,
  512,
  512,
  512,
  512,
  512,
  512,
  512,
  512,
  512,
  512,
  512,
  512,
  512,
  512,
  512
 ],
 "grid_size": [
  64,
  64,
  64,
  64,
  64,
  128,
  128,
  128,
  128,
  128,
  256,
  256,
  256,
  256,
  256,
  512,
  512,
  512,
  512,
  512,
  1024,
  1024,
  1024,
  1024,
  1024,
  2048,
  2048,
  2048,
  2048,
  2048,
  4096,
  4096,
  4096,
  4096,
  4096,
  64,
  64,
  64,
  64,
  64,
  128,
  128,
  128,
  128,
  128,
  256,
  256,
  256,
  256,
  256,
  512,
  512,
  512,
  512,
  512,
  1024,
  1024,
  1024,
  1024,
  1024,
  2048,
  2048,
  2048,
  2048,
  2048,
  4096,
  4096,
  4096,
  4096,
  4096,
  64,
  64,
  64,
  64,
  64,
  128,
  128,
  128,
  128,
  128,
  256,
  256,
  256,
  256,
  256,
  512,
  512,
  512,
  512,
  512,
  1024,
  1024,
  1024,
  1024,
  1024,
  2048,
  2048,
  2048,
  2048,
  2048,
  4096,
  4096,
  4096,
  4096,
  4096
 ],
 "tracks": [
  8192,
  16384,
  32768,
  65536,
  131072,
  16384,
  32768,
  65536,
  131072,
  262144,
  32768,
  65536,
  131072,
  262144,
  524288,
  65536,
  131072,
  262144,
  524288,
  1048576,
  131072,
  262144,
  524288,
  1048576,
  2097152,
  262144,
  524288,
  1048576,
  2097152,
  4194304,
  524288,
  1048576,
  2097152,
  4194304,
  8388608,
  16384,
  32768,
  65536,
  131072,
  262144,
  32768,
  65536,
  131072,
  262144,
  524288,
  65536,
  131072,
  262144,
  524288,
  1048576,
  131072,
  262144,
  524288,
  1048576,
  2097152,
  262144,
  524288,
  1048576,
  2097152,
  4194304,
  524288,
  1048576,
  2097152,
  4194304,
  8388608,
  1048576,
  2097152,
  4194304,
  8388608,
  16777216,
  32768,
  65536,
  131072,
  262144,
  524288,
  65536,
  131072,
  262144,
  524288,
  1048576,
  131072,
  262144,
  524288,
  1048576,
  2097152,
  262144,
  524288,
  1048576,
  2097152,
  4194304,
  524288,
  1048576,
  2097152,
  4194304,
  8388608,
  1048576,
  2097152,
  4194304,
  8388608,
  16777216,
  2097152,
  4194304,
  8388608,
  16777216,
  33554432
 ]
}