{
 "steps": [
  234336,
  469002,
  938465,
  1876509,
  3752114,
  7503973,
  15005941,
  30012530,
  60024773,
  120039157,
  240074822,
  480153132,
  960303342,
  1920669987
 ],
 "kernel_time": [
  0.09091966100000018,
  0.1796212579999997,
  0.3641541660000002,
  0.7201909560000046,
  1.4466409060000012,
  2.877652808999994,
  5.7428584339998325,
  11.573393943000276,
  22.997045545000283,
  46.55279669599788,
  91.861725899992,
  183.83479128795707,
  367.64350075278435,
  735.2127105720643
 ],
 "total_time": [
  0.091843966,
  0.18139471,
  0.367730377,
  0.728615818,
  1.460574195,
  2.906856216,
  5.803537498,
  11.686024903,
  23.222552989,
  47.002384288,
  92.755459811,
  185.614546131,
  371.223452882,
  742.473363454
 ],
 "tracks": [
  4096,
  8192,
  16384,
  32768,
  65536,
  131072,
  262144,
  524288,
  1048576,
  2097152,
  4194304,
  8388608,
  16777216,
  33554432
 ]
}