{
 "steps": [
  0,
  0,
  0,
  0,
  0,
  0,
  0,
  0,
  0,
  0,
  0,
  0,
  0,
  0
 ],
 "kernel_time": [
  0.08879220999999994,
  0.1792780920000002,
  0.35815457799999995,
  0.7204919619999988,
  1.4394019959999833,
  2.892609394000012,
  5.788804083000061,
  11.47543047900064,
  22.92469798900057,
  45.807497459998,
  91.8979009630114,
  183.51642453999483,
  366.3817032977296,
  735.4862672370689
 ],
 "total_time": [
  0.089745227,
  0.181180309,
  0.362219036,
  0.728105984,
  1.454348471,
  2.930665151,
  5.849800743,
  11.598138407,
  23.170227447,
  46.300166482,
  92.872220779,
  185.475425163,
  370.301535777,
  743.28658737
 ],
 "tracks": [
  4096,
  8192,
  16384,
  32768,
  65536,
  131072,
  262144,
  524288,
  1048576,
  2097152,
  4194304,
  8388608,
  16777216,
  33554432
 ]
}