{
 "steps": [
  469661,
  938511,
  1876061,
  3752639,
  7504715,
  938511,
  1876061,
  3752639,
  7504715,
  15008786,
  1876061,
  3752639,
  7504715,
  15008786,
  30015937,
  3752639,
  7504715,
  15008786,
  30015937,
  60019521,
  7504715,
  15008786,
  30015937,
  60019521,
  120051963,
  15008786,
  30015937,
  60019521,
  120051963,
  240091669,
  30015937,
  60019521,
  120051963,
  240091669,
  480187949,
  938511,
  1876061,
  3752639,
  7504715,
  15008786,
  1876061,
  3752639,
  7504715,
  15008786,
  30015937,
  3752639,
  7504715,
  15008786,
  30015937,
  60019521,
  7504715,
  15008786,
  30015937,
  60019521,
  120051963,
  15008786,
  30015937,
  60019521,
  120051963,
  240091669,
  30015937,
  60019521,
  120051963,
  240091669,
  480187949,
  60019521,
  120051963,
  240091669,
  480187949,
  960350385,
  1876061,
  3752639,
  7504715,
  15008786,
  30015937,
  3752639,
  7504715,
  15008786,
  30015937,
  60019521,
  7504715,
  15008786,
  30015937,
  60019521,
  120051963,
  15008786,
  30015937,
  60019521,
  120051963,
  240091669,
  30015937,
  60019521,
  120051963,
  240091669,
  480187949,
  60019521,
  120051963,
  240091669,
  480187949,
  960350385,
  120051963,
  240091669,
  480187949,
  960350385,
  1920713596
 ],
 "kernel_time": [
  0.002438053,
  0.0036087000000000007,
  0.005923697999999999,
  0.010324103999999994,
  0.018685733999999996,
  0.0036586040000000006,
  0.005715577000000002,
  0.009979904999999999,
  0.017866092000000004,
  0.033887717000000005,
  0.005925954,
  0.009900292,
  0.017116457000000005,
  0.032265586000000006,
  0.05896015799999999,
  0.008403169000000002,
  0.014456382,
  0.030674437000000002,
  0.056475451999999995,
  0.100001264,
  0.014642247000000004,
  0.027170290999999996,
  0.05249051999999997,
  0.10229236700000002,
  0.19958446200000007,
  0.025897593,
  0.04935487800000002,
  0.098895668,
  0.200423711,
  0.39786910299999995,
  0.048025213,
  0.094002606,
  0.18872019699999995,
  0.3805215509999998,
  0.758427958,
  0.0030695700000000006,
  0.004997268000000002,
  0.008635254,
  0.015417154000000006,
  0.028496812999999992,
  0.0054262359999999975,
  0.009102504,
  0.016073537000000002,
  0.029971203,
  0.05609130700000003,
  0.009248137,
  0.01642334099999999,
  0.030332159,
  0.062761304,
  0.12509459700000003,
  0.014985406000000001,
  0.029353831999999993,
  0.06170125899999999,
  0.11418370799999997,
  0.21429286000000008,
  0.026916476999999994,
  0.051898042999999984,
  0.100142005,
  0.19600194300000004,
  0.3857903270000001,
  0.049230142,
  0.09706079500000007,
  0.1905358899999999,
  0.3807496730000002,
  0.760312336,
  0.094431707,
  0.1866654620000001,
  0.3704040970000003,
  0.737854965,
  1.468522289,
  0.005120009000000003,
  0.008938719,
  0.015318543999999998,
  0.02815156499999999,
  0.05279939199999998,
  0.009863457999999999,
  0.016623484999999993,
  0.030716148999999995,
  0.056044108000000016,
  0.107071938,
  0.016366655999999997,
  0.029701346999999996,
  0.054392087,
  0.102721628,
  0.19886331500000004,
  0.029324252000000016,
  0.053582052,
  0.09879257000000004,
  0.19282394699999994,
  0.379314881,
  0.05349908499999997,
  0.09837768899999999,
  0.1858877239999999,
  0.36726869500000014,
  0.7265531219999998,
  0.09953687499999998,
  0.18655655099999996,
  0.3635841539999999,
  0.7180263160000001,
  1.42621851,
  0.1888640510000001,
  0.3627509469999999,
  0.7157456640000003,
  1.4254267749999996,
  2.843022218000002
 ],
 "total_time": [
  0.008087522,
  0.00965983,
  0.012954142,
  0.01897861,
  0.030493489,
  0.00978796,
  0.012778408,
  0.018577471,
  0.029493608,
  0.050502654,
  0.013121609,
  0.018569471,
  0.028769523,
  0.048929201,
  0.086044157,
  0.016202687,
  0.025814061,
  0.047530541,
  0.083118104,
  0.145440152,
  0.026020139,
  0.043250999,
  0.078416787,
  0.14780848,
  0.28049848,
  0.042171293,
  0.075430905,
  0.14348541,
  0.281753307,
  0.553909986,
  0.074138706,
  0.139439447,
  0.270427313,
  0.537830371,
  1.059719435,
  0.008969213,
  0.012099496,
  0.017044251,
  0.026743993,
  0.044602836,
  0.012267814,
  0.017422432,
  0.027487192,
  0.046274745,
  0.081953692,
  0.017597167,
  0.027765374,
  0.046460797,
  0.088493389,
  0.170537649,
  0.026461343,
  0.045871611,
  0.088414905,
  0.159384877,
  0.296991198,
  0.043012789,
  0.078064219,
  0.144710693,
  0.277509291,
  0.541205589,
  0.075271313,
  0.142601717,
  0.271704393,
  0.53543351,
  1.066199877,
  0.139854215,
  0.268273826,
  0.525288573,
  1.03791338,
  2.059267254,
  0.012075741,
  0.017406339,
  0.026662171,
  0.044378851,
  0.079006695,
  0.018326387,
  0.028032729,
  0.04689744,
  0.082297646,
  0.15288849,
  0.027705986,
  0.045809535,
  0.080186249,
  0.14929494,
  0.281527546,
  0.045425375,
  0.079405245,
  0.144143977,
  0.275199687,
  0.535775595,
  0.079318242,
  0.144649505,
  0.266965228,
  0.522004947,
  1.026554615,
  0.144403385,
  0.268291001,
  0.517573177,
  1.018027052,
  2.033342338,
  0.270058477,
  0.516712473,
  1.015255139,
  2.020489057,
  4.033828066
 ],
 "block_size": [
  128,
  128,
  128,
  128,
  128,
  128,
  128,
  128,
  128,
  128,
  128,
  128,
  128,
  128,
  128,
  128,
  128,
  128,
  128,
  128,
  128,
  128,
  128,
  128,
  128,
  128,
  128,
  128,
  128,
  128,
  128,
  128,
  128,
  128,
  128,
  256,
  256,
  256,
  256,
  256,
  256,
  256,
  256,
  256,
  256,
  256,
  256,
  256,
  256,
  256,
  256,
  256,
  256,
  256,
  256,
  256,
  256,
  256,
  256,
  256,
  256,
  256,
  256,
  256,
  256,
  256,
  256,
  256,
  256,
  256,
  512,
  512,
  512,
  512,
  512,
  512,
  512,
  512,
  512,
  512,
  512,
  512,
  512,
  512,
  512,
  512,
  512,
  512,
  512,
  512,
  512,
  512,
  512,
  512,
  512,
  512,
  512,
  512,
  512,
  512,
  512,
  512,
  512,
  512,
  512
 ],
 "grid_size": [
  64,
  64,
  64,
  64,
  64,
  128,
  128,
  128,
  128,
  128,
  256,
  256,
  256,
  256,
  256,
  512,
  512,
  512,
  512,
  512,
  1024,
  1024,
  1024,
  1024,
  1024,
  2048,
  2048,
  2048,
  2048,
  2048,
  4096,
  4096,
  4096,
  4096,
  4096,
  64,
  64,
  64,
  64,
  64,
  128,
  128,
  128,
  128,
  128,
  256,
  256,
  256,
  256,
  256,
  512,
  512,
  512,
  512,
  512,
  1024,
  1024,
  1024,
  1024,
  1024,
  2048,
  2048,
  2048,
  2048,
  2048,
  4096,
  4096,
  4096,
  4096,
  4096,
  64,
  64,
  64,
  64,
  64,
  128,
  128,
  128,
  128,
  128,
  256,
  256,
  256,
  256,
  256,
  512,
  512,
  512,
  512,
  512,
  1024,
  1024,
  1024,
  1024,
  1024,
  2048,
  2048,
  2048,
  2048,
  2048,
  4096,
  4096,
  4096,
  4096,
  4096
 ],
 "tracks": [
  8192,
  16384,
  32768,
  65536,
  131072,
  16384,
  32768,
  65536,
  131072,
  262144,
  32768,
  65536,
  131072,
  262144,
  524288,
  65536,
  131072,
  262144,
  524288,
  1048576,
  131072,
  262144,
  524288,
  1048576,
  2097152,
  262144,
  524288,
  1048576,
  2097152,
  4194304,
  524288,
  1048576,
  2097152,
  4194304,
  8388608,
  16384,
  32768,
  65536,
  131072,
  262144,
  32768,
  65536,
  131072,
  262144,
  524288,
  65536,
  131072,
  262144,
  524288,
  1048576,
  131072,
  262144,
  524288,
  1048576,
  2097152,
  262144,
  524288,
  1048576,
  2097152,
  4194304,
  524288,
  1048576,
  2097152,
  4194304,
  8388608,
  1048576,
  2097152,
  4194304,
  8388608,
  16777216,
  32768,
  65536,
  131072,
  262144,
  524288,
  65536,
  131072,
  262144,
  524288,
  1048576,
  131072,
  262144,
  524288,
  1048576,
  2097152,
  262144,
  524288,
  1048576,
  2097152,
  4194304,
  524288,
  1048576,
  2097152,
  4194304,
  8388608,
  1048576,
  2097152,
  4194304,
  8388608,
  16777216,
  2097152,
  4194304,
  8388608,
  16777216,
  33554432
 ]
}