{
 "steps": [
  469661,
  938511,
  1876061,
  3752639,
  7504715,
  938511,
  1876061,
  3752639,
  7504715,
  15008786,
  1876061,
  3752639,
  7504715,
  15008786,
  30015937,
  3752639,
  7504715,
  15008786,
  30015937,
  60019521,
  7504715,
  15008786,
  30015937,
  60019521,
  120051963,
  15008786,
  30015937,
  60019521,
  120051963,
  240091669,
  30015937,
  60019521,
  120051963,
  240091669,
  480187949,
  938511,
  1876061,
  3752639,
  7504715,
  15008786,
  1876061,
  3752639,
  7504715,
  15008786,
  30015937,
  3752639,
  7504715,
  15008786,
  30015937,
  60019521,
  7504715,
  15008786,
  30015937,
  60019521,
  120051963,
  15008786,
  30015937,
  60019521,
  120051963,
  240091669,
  30015937,
  60019521,
  120051963,
  240091669,
  480187949,
  60019521,
  120051963,
  240091669,
  480187949,
  960350385,
  1876061,
  3752639,
  7504715,
  15008786,
  30015937,
  3752639,
  7504715,
  15008786,
  30015937,
  60019521,
  7504715,
  15008786,
  30015937,
  60019521,
  120051963,
  15008786,
  30015937,
  60019521,
  120051963,
  240091669,
  30015937,
  60019521,
  120051963,
  240091669,
  480187949,
  60019521,
  120051963,
  240091669,
  480187949,
  960350385,
  120051963,
  240091669,
  480187949,
  960350385,
  1920713596
 ],
 "kernel_time": [
  0.0023571640000000014,
  0.0035487339999999996,
  0.005774999,
  0.009911924999999999,
  0.017907750999999996,
  0.003606505999999999,
  0.005613445,
  0.009650884000000005,
  0.017394182999999997,
  0.032815813000000006,
  0.00583495,
  0.009721238,
  0.01674108500000001,
  0.031860818999999985,
  0.05799384300000002,
  0.008434471,
  0.014434733,
  0.027031193000000002,
  0.050792044000000015,
  0.09720333299999998,
  0.014557871999999996,
  0.026861136999999997,
  0.051888296,
  0.10160711099999999,
  0.19813274300000006,
  0.025894607000000004,
  0.04876031999999999,
  0.09794967799999998,
  0.19942881799999998,
  0.39437913200000024,
  0.047629380000000006,
  0.09300041800000002,
  0.187645406,
  0.3773006610000001,
  0.7549093149999999,
  0.003036961,
  0.004930911,
  0.008412670999999997,
  0.014952091000000004,
  0.027762758000000005,
  0.005398245999999999,
  0.010272352999999998,
  0.018178688000000005,
  0.03399836499999999,
  0.06339358500000002,
  0.009983502000000002,
  0.018561959999999995,
  0.034176930999999994,
  0.073800711,
  0.14477140100000005,
  0.015746167000000002,
  0.03033855,
  0.05680124599999999,
  0.10926918999999995,
  0.213726294,
  0.027118161000000002,
  0.051595977000000015,
  0.09943156099999996,
  0.194837008,
  0.38242761099999983,
  0.048929551999999994,
  0.09629647700000005,
  0.18929854100000004,
  0.37755649799999963,
  0.7528302719999997,
  0.09351476099999997,
  0.18515261799999996,
  0.36788900599999985,
  0.731653585,
  1.4566861849999997,
  0.005077469000000002,
  0.008871344000000001,
  0.015125435000000007,
  0.027725466999999997,
  0.05194888699999998,
  0.009756010999999998,
  0.016493607000000004,
  0.030506142,
  0.055489404,
  0.10515564300000002,
  0.01626801,
  0.029627069999999995,
  0.053723199,
  0.10165490599999998,
  0.19743293,
  0.029161081,
  0.052926304999999986,
  0.09722474500000004,
  0.19033850999999993,
  0.37630559700000005,
  0.05322045999999998,
  0.097475899,
  0.1838104419999999,
  0.3627271190000002,
  0.7180633009999999,
  0.09886654599999993,
  0.18462152800000006,
  0.35821083800000003,
  0.7090906529999997,
  1.4085667209999995,
  0.18811478100000004,
  0.35849264399999997,
  0.7057881799999994,
  1.40712379,
  2.8046661120000014
 ],
 "total_time": [
  0.008302295,
  0.010049549,
  0.013587885,
  0.019999137,
  0.032307268,
  0.010099435,
  0.013415177,
  0.019749025,
  0.031785235,
  0.054595368,
  0.013614744,
  0.019836924,
  0.031131694,
  0.053702563,
  0.092815659,
  0.018263571,
  0.028512902,
  0.048370227,
  0.084560701,
  0.155480756,
  0.028622815,
  0.048135218,
  0.086001522,
  0.159838036,
  0.305921072,
  0.047192339,
  0.082512902,
  0.156246423,
  0.306971354,
  0.603198135,
  0.081330038,
  0.15134255,
  0.295190418,
  0.586046086,
  1.163296781,
  0.009423402,
  0.012519645,
  0.018247002,
  0.028977998,
  0.049082828,
  0.013009209,
  0.020341228,
  0.032542601,
  0.055907792,
  0.098154041,
  0.020099955,
  0.032969477,
  0.056043931,
  0.107627016,
  0.205137862,
  0.029886161,
  0.051900012,
  0.090922818,
  0.167472177,
  0.321499815,
  0.04844573,
  0.085389937,
  0.157698974,
  0.302572997,
  0.59035725,
  0.082719312,
  0.154603065,
  0.297017572,
  0.586693257,
  1.161311375,
  0.151689931,
  0.292865253,
  0.57620346,
  1.139730416,
  2.266394701,
  0.012661252,
  0.018711622,
  0.029167339,
  0.049025223,
  0.08575939,
  0.019599115,
  0.030532835,
  0.05086326,
  0.089243867,
  0.163387592,
  0.030314989,
  0.050917105,
  0.087457451,
  0.159926919,
  0.305205187,
  0.050465929,
  0.086715897,
  0.155524208,
  0.297866294,
  0.585248727,
  0.087015001,
  0.155624593,
  0.291560916,
  0.570605048,
  1.126395687,
  0.157087275,
  0.292493803,
  0.56738089,
  1.117269821,
  2.217768465,
  0.296034929,
  0.573241436,
  1.113960454,
  2.216670569,
  4.414515191
 ],
 "block_size": [
  128,
  128,
  128,
  128,
  128,
  128,
  128,
  128,
  128,
  128,
  128,
  128,
  128,
  128,
  128,
  128,
  128,
  128,
  128,
  128,
  128,
  128,
  128,
  128,
  128,
  128,
  128,
  128,
  128,
  128,
  128,
  128,
  128,
  128,
  128,
  256,
  256,
  256,
  256,
  256,
  256,
  256,
  256,
  256,
  256,
  256,
  256,
  256,
  256,
  256,
  256,
  256,
  256,
  256,
  256,
  256,
  256,
  256,
  256,
  256,
  256,
  256,
  256,
  256,
  256,
  256,
  256,
  256,
  256,
  256,
  512,
  512,
  512,
  512,
  512,
  512,
  512,
  512,
  512,
  512,
  512,
  512,
  512,
  512,
  512,
  512,
  512,
  512,
  512,
  512,
  512,
  512,
  512,
  512,
  512,
  512,
  512,
  512,
  512,
  512,
  512,
  512,
  512,
  512,
  512
 ],
 "grid_size": [
  64,
  64,
  64,
  64,
  64,
  128,
  128,
  128,
  128,
  128,
  256,
  256,
  256,
  256,
  256,
  512,
  512,
  512,
  512,
  512,
  1024,
  1024,
  1024,
  1024,
  1024,
  2048,
  2048,
  2048,
  2048,
  2048,
  4096,
  4096,
  4096,
  4096,
  4096,
  64,
  64,
  64,
  64,
  64,
  128,
  128,
  128,
  128,
  128,
  256,
  256,
  256,
  256,
  256,
  512,
  512,
  512,
  512,
  512,
  1024,
  1024,
  1024,
  1024,
  1024,
  2048,
  2048,
  2048,
  2048,
  2048,
  4096,
  4096,
  4096,
  4096,
  4096,
  64,
  64,
  64,
  64,
  64,
  128,
  128,
  128,
  128,
  128,
  256,
  256,
  256,
  256,
  256,
  512,
  512,
  512,
  512,
  512,
  1024,
  1024,
  1024,
  1024,
  1024,
  2048,
  2048,
  2048,
  2048,
  2048,
  4096,
  4096,
  4096,
  4096,
  4096
 ],
 "tracks": [
  8192,
  16384,
  32768,
  65536,
  131072,
  16384,
  32768,
  65536,
  131072,
  262144,
  32768,
  65536,
  131072,
  262144,
  524288,
  65536,
  131072,
  262144,
  524288,
  1048576,
  131072,
  262144,
  524288,
  1048576,
  2097152,
  262144,
  524288,
  1048576,
  2097152,
  4194304,
  524288,
  1048576,
  2097152,
  4194304,
  8388608,
  16384,
  32768,
  65536,
  131072,
  262144,
  32768,
  65536,
  131072,
  262144,
  524288,
  65536,
  131072,
  262144,
  524288,
  1048576,
  131072,
  262144,
  524288,
  1048576,
  2097152,
  262144,
  524288,
  1048576,
  2097152,
  4194304,
  524288,
  1048576,
  2097152,
  4194304,
  8388608,
  1048576,
  2097152,
  4194304,
  8388608,
  16777216,
  32768,
  65536,
  131072,
  262144,
  524288,
  65536,
  131072,
  262144,
  524288,
  1048576,
  131072,
  262144,
  524288,
  1048576,
  2097152,
  262144,
  524288,
  1048576,
  2097152,
  4194304,
  524288,
  1048576,
  2097152,
  4194304,
  8388608,
  1048576,
  2097152,
  4194304,
  8388608,
  16777216,
  2097152,
  4194304,
  8388608,
  16777216,
  33554432
 ]
}